{"F1":0.9557961458,"Balanced Accuracy":0.900101494,"Accuracy":0.9575777202,"Precision":0.959615077,"Recall":0.9575777202,"fit_time":26812500000,"pred_time":0,"Name":"rinex-obs_RandomForestClassifier","uuid":"660e60b45b20491e904d707832dda4d4"}