covariate,coef,exp(coef),se(coef),coef lower 95%,coef upper 95%,exp(coef) lower 95%,exp(coef) upper 95%,cmp to,z,p,-log2(p)
accuracy,0.8058100559348895,2.2385090821412246,0.17214370295838305,0.4684145979710976,1.1432055138986814,1.5974595689073614,3.1368073460889807,0.0,4.681031266823044,2.8543539690046103e-06,18.418404314516746
train_time,-0.0031906172083835363,0.9968144674015829,0.00015011361812004493,-0.0034848344934878235,-0.002896399923279249,0.9965212304950298,0.9971077905961955,0.0,-21.254681942527156,2.9837684152558374e-100,330.61567392336
predict_proba_time,-0.36369993768365466,0.6950997366906384,0.0745395841297488,-0.5097948380005557,-0.21760503736675363,0.6006187903246005,0.8044431038966866,0.0,-4.879285844291446,1.064706615180222e-06,19.841112625385264
model.trainer.nb_epoch,-0.0002832658660670307,0.9997167742499204,0.0010768877612124899,-0.0023939270934354804,0.0018273953613014192,0.9976089360648424,1.001829066065729,0.0,-0.26304121587201984,0.7925188116658163,0.335482914619693
model.trainer.batch_size,3.0538921315579876e-05,1.0000305393876332,1.21075192481462e-05,6.8086196470878485e-06,5.42692229840719e-05,1.0000068086428258,1.0000542706955848,0.0,2.522310366779366,0.011658679203556654,6.422451833003976
data.sample.random_state,-0.14754484695548378,0.8628237424357181,0.053595674944388876,-0.2525904395736017,-0.042499254337365816,0.7767859574716549,0.9583911801571723,0.0,-2.7529245057288114,0.005906551502740711,7.403468215504404
attack.init.eps,-1.1658725420114062,0.3116506151091583,0.08345998595016477,-1.329451108623948,-1.0022939753988644,0.26462247043608883,0.36703650199416626,0.0,-13.969239615108089,2.401772005372852e-44,144.90073696918338
