param,covariate,coef,exp(coef),se(coef),coef lower 95%,coef upper 95%,exp(coef) lower 95%,exp(coef) upper 95%,cmp to,z,p,-log2(p)
mu_,accuracy,-0.21062199888055105,0.8100802202445698,0.06384022253017514,-0.33574653580471686,-0.08549746195638525,0.7148042601436019,0.9180554731160336,0.0,-3.2992052742453564,0.0009695898176730629,10.010337831388041
mu_,attack.init.eps,0.4085059717985141,1.5045682377094634,0.027599923630624457,0.3544111155064342,0.462600828090594,1.425341045849607,1.5881992513411523,0.0,14.800981961603766,1.4435961819026322e-49,162.24480941684192
mu_,data.sample.random_state,0.06537413367733175,1.0675583592119289,0.01950834155069353,0.02713848683986616,0.10360978051479733,1.0275100895360696,1.1091675516664194,0.0,3.351086175493358,0.0008049524873343613,10.278808749502373
mu_,model.trainer.batch_size,-1.902460189126546e-05,0.9999809755790753,4.460870039697741e-06,-2.7767746508786794e-05,-1.0281457273744125e-05,0.9999722326390115,0.9999897185955802,0.0,-4.264773849487559,2.0010477870689152e-05,15.608884853747815
mu_,model.trainer.nb_epoch,0.00025848209311814366,1.0002585155024928,0.0004045463944579803,-0.0005344142700950318,0.0010513784563313193,0.9994657285037764,1.0010519313484096,0.0,0.6389430153356411,0.5228600033918895,0.9355033806313381
mu_,predict_proba_time,0.36430738304112636,1.4395166291583514,0.029898788434939445,0.3057068345272624,0.42290793155499035,1.3575842513738918,1.5263937567972838,0.0,12.18468714322217,3.750899612062121e-34,111.0383185745061
mu_,train_time,0.0009053611664707738,1.0009057711296039,2.060244420117544e-05,0.0008649811178429739,0.0009457412150985738,1.0008653553218954,1.0009461885693376,0.0,43.9443571660842,0.0,inf
mu_,Intercept,-2.762887200693083,0.0631092958662774,0.040998287735477264,-2.8432423680824286,-2.6825320333037377,0.058236535231402556,0.06838976956496075,0.0,-67.39030709085588,0.0,inf
sigma_,Intercept,-0.9938292498214829,0.3701565518134973,0.01767766563444383,-1.0284768377957343,-0.9591816618472316,0.35755115442068747,0.38320635007445175,0.0,-56.2194845390145,0.0,inf
