param,covariate,coef,exp(coef),se(coef),coef lower 95%,coef upper 95%,exp(coef) lower 95%,exp(coef) upper 95%,cmp to,z,p,-log2(p)
alpha_,accuracy,-0.22094440478751276,0.8017612531383976,0.061534825101090096,-0.34155044578062066,-0.10033836379440488,0.71066761653292,0.9045313056054757,0.0,-3.5905587514800414,0.00032996983980659313,11.56537821553278
alpha_,attack.init.eps,0.4001400720200487,1.4920336751758385,0.02627002767840557,0.3486517638975034,0.451628380142594,1.4171555996612695,1.5708680743249508,0.0,15.231810065772065,2.17485897923809e-52,171.61933907642273
alpha_,data.sample.random_state,0.07235450254762334,1.0750363796561548,0.018179494291661498,0.0367233484788153,0.10798565661643136,1.0374059811922276,1.1140317662869392,0.0,3.980006340484984,6.891343017763728e-05,13.824855304823016
alpha_,model.trainer.batch_size,-1.05511122716301e-05,0.9999894489433911,4.007100273813618e-06,-1.840488449074538e-05,-2.697340052514821e-06,0.9999815952848781,0.9999973026635853,0.0,-2.633104127835675,0.00846084035826636,6.884983321022222
alpha_,model.trainer.nb_epoch,-9.945102759099652e-05,0.9999005539174985,0.00038713945455173213,-0.0008582304155068726,0.0006593283603248796,0.9991421377588826,1.000659545765046,0.0,-0.2568868308866908,0.7972661369557681,0.3268667014434353
alpha_,predict_proba_time,0.4316555255711918,1.5398046004817754,0.027917667271947996,0.3769379031858011,0.4863731479565825,1.457813780968999,1.6264067733595255,0.0,15.461733294777261,6.288340376665422e-54,176.7314378136943
alpha_,train_time,0.0009572727726020381,1.0009577311044204,2.536711581947496e-05,0.000907554139204211,0.0010069914059998653,1.0009079660910754,1.0010074985920754,0.0,37.736760434827055,1.2402250138746e-311,1032.809035617623
alpha_,Intercept,-2.864297337851198,0.057023185091953504,0.03916976134126493,-2.941068659363107,-2.7875260163392896,0.05280926345879527,0.06157335711694411,0.0,-73.12521801948513,0.0,inf
beta_,Intercept,1.606735157058392,4.986504468896354,0.0210811291512785,1.5654169031684488,1.6480534109483354,4.784669263921654,5.196853836025238,0.0,76.21675032340234,0.0,inf
