param,covariate,coef,exp(coef),se(coef),coef lower 95%,coef upper 95%,exp(coef) lower 95%,exp(coef) upper 95%,cmp to,z,p,-log2(p)
lambda_,accuracy,-0.2713179552393013,0.7623740570389316,0.06842915320144828,-0.4054366310067137,-0.13719927947188892,0.6666856516712848,0.8717964776787679,0.0,-3.9649468471510905,7.341230364310658e-05,13.733618600505121
lambda_,attack.init.eps,0.4885827793342391,1.6300045061666046,0.03311821221689351,0.4236722761567734,0.5534932825117048,1.5275608936160283,1.7393183481111594,0.0,14.752691846240852,2.956337589221182e-49,161.21066562678752
lambda_,data.sample.random_state,0.06435404430988566,1.066469909532926,0.021981214279890922,0.02127165598484191,0.10743643263492941,1.0214995104046694,1.113420081316143,0.0,2.927683770807816,0.003414971813385868,8.19391061386451
lambda_,model.trainer.batch_size,-2.9396730444333973e-05,0.9999706037016353,4.857238598373971e-06,-3.891674316146477e-05,-1.9876717727203175e-05,0.9999610840140851,0.9999801234798134,0.0,-6.052148736151224,1.4292640927632003e-09,29.382080338450052
lambda_,model.trainer.nb_epoch,0.0005800892975308255,1.0005802575818659,0.00044445666702505956,-0.0002910297625270023,0.0014512083575886534,0.9997090125825263,1.0014522618699975,0.0,1.3051650263536685,0.19183666032543895,2.382049646607797
lambda_,predict_proba_time,0.17130202784947945,1.1868491563928454,0.029816972437397546,0.11286183574415679,0.22974221995480212,1.1194772505217891,1.258275609775772,0.0,5.745118093701094,9.185685517806182e-09,26.697965461856523
lambda_,train_time,0.0010767012670365123,1.0010772811179358,3.624705618686545e-05,0.0010056583423646561,0.0011477441917083684,1.00100616418627,1.001148403102136,0.0,29.704516181555945,6.713676205271482e-194,641.7069474493544
lambda_,Intercept,-2.4350679351481603,0.0875917962842687,0.042346399466449997,-2.5180653529773487,-2.352070517318972,0.08061541835980968,0.09517190299827084,0.0,-57.50354140680613,0.0,inf
rho_,Intercept,0.8854764692550519,2.4241391441337843,0.017162515152338527,0.8518385576723454,0.9191143808377583,2.3439523843682006,2.5070690980378605,0.0,51.593630735084815,0.0,inf
