{"F1":0.9543689372,"Balanced Accuracy":0.8960086147,"Accuracy":0.9562823834,"Precision":0.9583057779,"Recall":0.9562823834,"fit_time":27000000000,"pred_time":0,"Name":"rinex-obs_RandomForestClassifier","uuid":"7b40c21a90ba43d1b0c386966fae37c2"}