{"F1":0.9565022618,"Balanced Accuracy":0.9016352363,"Accuracy":0.9582253886,"Precision":0.9602009918,"Recall":0.9582253886,"fit_time":28203125000,"pred_time":15625000,"Name":"rinex-obs_RandomForestClassifier","uuid":"28240956336e41fa91bc2dbc1addbed4"}