{"F1":0.9557961458,"Balanced Accuracy":0.900101494,"Accuracy":0.9575777202,"Precision":0.959615077,"Recall":0.9575777202,"fit_time":27468750000,"pred_time":0,"Name":"rinex-obs_RandomForestClassifier","uuid":"a11dbe4f71f045a2b50ffb54d15b0047"}