{"F1":0.9565022618,"Balanced Accuracy":0.9016352363,"Accuracy":0.9582253886,"Precision":0.9602009918,"Recall":0.9582253886,"fit_time":28984375000,"pred_time":31250000,"Name":"rinex-obs_RandomForestClassifier","uuid":"fce4e43f27074828809e4aed9398ec84"}