{"F1":0.9561807622,"Balanced Accuracy":0.9014299818,"Accuracy":0.9579015544,"Precision":0.9597849723,"Recall":0.9579015544,"fit_time":28812500000,"pred_time":15625000,"Name":"rinex-obs_RandomForestClassifier","uuid":"b615a536e8244a17967864692e3bd38e"}