{"F1":0.9561807622,"Balanced Accuracy":0.9014299818,"Accuracy":0.9579015544,"Precision":0.9597849723,"Recall":0.9579015544,"fit_time":31046875000,"pred_time":15625000,"Name":"rinex-obs_RandomForestClassifier","uuid":"d31edfc0f27b40d6a2552c272ac7bbc1"}