{"F1":0.9565022618,"Balanced Accuracy":0.9016352363,"Accuracy":0.9582253886,"Precision":0.9602009918,"Recall":0.9582253886,"fit_time":26593750000,"pred_time":15625000,"Name":"rinex-obs_RandomForestClassifier","uuid":"567dbd0debd34592a9e0bc1f30c434f4"}