{"F1":0.9561807622,"Balanced Accuracy":0.9014299818,"Accuracy":0.9579015544,"Precision":0.9597849723,"Recall":0.9579015544,"fit_time":28984375000,"pred_time":31250000,"Name":"rinex-obs_RandomForestClassifier","uuid":"12b45c58cf8c4c45867e0abf8b55dc8a"}