{"F1":0.9557961458,"Balanced Accuracy":0.900101494,"Accuracy":0.9575777202,"Precision":0.959615077,"Recall":0.9575777202,"fit_time":29687500000,"pred_time":15625000,"Name":"rinex-obs_RandomForestClassifier","uuid":"7856c3f10088488293d899f4e5922bc3"}