{"F1":0.9564710138,"Balanced Accuracy":0.9010736196,"Accuracy":0.9582253886,"Precision":0.960326334,"Recall":0.9582253886,"fit_time":27531250000,"pred_time":15625000,"Name":"rinex-obs_RandomForestClassifier","uuid":"3d3b8618bd714dbfb724591ae8255c2a"}