{"F1":0.9565022618,"Balanced Accuracy":0.9016352363,"Accuracy":0.9582253886,"Precision":0.9602009918,"Recall":0.9582253886,"fit_time":28781250000,"pred_time":15625000,"Name":"rinex-obs_RandomForestClassifier","uuid":"c40f05c47d044f8999b1f381f214a2fe"}