{"F1":0.9561807622,"Balanced Accuracy":0.9014299818,"Accuracy":0.9579015544,"Precision":0.9597849723,"Recall":0.9579015544,"fit_time":27609375000,"pred_time":15625000,"Name":"rinex-obs_RandomForestClassifier","uuid":"82560dce9040482fae0dc5a6ead43f80"}