{"F1":0.9561807622,"Balanced Accuracy":0.9014299818,"Accuracy":0.9579015544,"Precision":0.9597849723,"Recall":0.9579015544,"fit_time":28343750000,"pred_time":31250000,"Name":"rinex-obs_RandomForestClassifier","uuid":"78e490a707ed4eaa9ae41507f8a32f91"}