{"F1":0.9561807622,"Balanced Accuracy":0.9014299818,"Accuracy":0.9579015544,"Precision":0.9597849723,"Recall":0.9579015544,"fit_time":27453125000,"pred_time":31250000,"Name":"rinex-obs_RandomForestClassifier","uuid":"6f7cfbdb113844c4875a5813cc144887"}