{"F1":0.9568549043,"Balanced Accuracy":0.9024021074,"Accuracy":0.9585492228,"Precision":0.9604942869,"Recall":0.9585492228,"fit_time":28906250000,"pred_time":0,"Name":"rinex-obs_RandomForestClassifier","uuid":"14a123e986b7499cbd5a0170d5fc2d89"}