{"F1":0.9565333697,"Balanced Accuracy":0.9021968529,"Accuracy":0.9582253886,"Precision":0.9600791345,"Recall":0.9582253886,"fit_time":26953125000,"pred_time":31250000,"Name":"rinex-obs_RandomForestClassifier","uuid":"d51cee31b6f7405f92bc4c45c27ef54e"}