{"F1":0.9536585958,"Balanced Accuracy":0.8944509823,"Accuracy":0.955634715,"Precision":0.9577200154,"Recall":0.955634715,"fit_time":28296875000,"pred_time":31250000,"Name":"rinex-obs_RandomForestClassifier","uuid":"2fc890be05994399b57f1432b8cf5a73"}