{"F1":0.9565022618,"Balanced Accuracy":0.9016352363,"Accuracy":0.9582253886,"Precision":0.9602009918,"Recall":0.9582253886,"fit_time":27140625000,"pred_time":15625000,"Name":"rinex-obs_RandomForestClassifier","uuid":"9c98c06d995842bbada7b8e1c4cbcee3"}