covariate,coef,exp(coef),se(coef),coef lower 95%,coef upper 95%,exp(coef) lower 95%,exp(coef) upper 95%,cmp to,z,p,-log2(p)
accuracy,0.3833442115110208,1.4671829644264331,0.07399778981611062,0.23831120853587923,0.5283772144861625,1.2691040873993604,1.6961775416816147,0.0,5.180481909846989,2.2131339132078372e-07,22.10740591525257
train_time,-0.006417365219234604,0.993603182092248,0.0003789984306982631,-0.007160188493600399,-0.005674541944868809,0.9928653845836121,0.9943415278576488,0.0,-16.932432167097133,2.5943505891856888e-64,211.22802462053284
predict_proba_time,-3.2206677038015,0.039928389020931314,0.07066637407994264,-3.3591712519162225,-3.0821641556867774,0.03476405765581854,0.04585990121150287,0.0,-45.5756750750797,0.0,inf
model.trainer.nb_epoch,0.0034636224604355577,1.0034696277320394,0.0016351921778846995,0.00025870468397993325,0.006668540236891183,1.0002587381509227,1.0066908244582065,0.0,2.11817455298504,0.03416028745991024,4.8715360744403835
model.trainer.batch_size,3.995987899828612e-06,1.0000039959958837,9.272326066468402e-06,-1.4177437243361402e-05,2.216941304301863e-05,0.999985822663256,1.0000221696587863,0.0,0.4309585179795758,0.6664985329178164,0.5853263951988009
data.sample.random_state,0.011462107256177894,1.0115280489101568,0.007760415849936524,-0.0037480283147514858,0.026672242827107274,0.9962589867763824,1.0270311307732785,0.0,1.4769965267095382,0.1396765683191105,2.839838075608482
attack.init.eps,-3.1562972553376167,0.042583123961341805,0.10614239009139201,-3.3643325171497462,-2.9482619935254872,0.034585093372011905,0.05243075179245979,0.0,-29.736444154121113,2.5964889762787635e-194,643.0774883078533
