param,covariate,coef,exp(coef),se(coef),coef lower 95%,coef upper 95%,exp(coef) lower 95%,exp(coef) upper 95%,cmp to,z,p,-log2(p)
mu_,accuracy,-0.07579825698518534,0.9270032041171639,0.01912721239260941,-0.11328690439934799,-0.0383096095710227,0.8928944480182942,0.9624149218877007,0.0,-3.9628491297808317,7.406058711569274e-05,13.720934487909433
mu_,attack.init.eps,0.7065017044287608,2.0268881875996705,0.022353968344444617,0.662688731562101,0.7503146772954207,1.9400014714650748,2.11766629327788,0.0,31.605202867898836,3.13177356626041e-219,725.8552728737834
mu_,data.sample.random_state,-0.0014113414257024906,0.9985896540482345,0.001997518191963131,-0.005326405140413794,0.0025037222890088124,0.9946877550034032,1.0025068592191133,0.0,-0.7065474704465372,0.4798477427511545,1.0593513882696162
mu_,model.trainer.batch_size,-5.2040262699931435e-06,0.9999947959872709,2.2451990915783913e-06,-9.604535627608837e-06,-8.035169123774501e-07,0.9999903955104957,0.9999991964834104,0.0,-2.317846238898429,0.02045767910678836,5.611213707010733
mu_,model.trainer.nb_epoch,-0.0008339238180362597,0.9991664237997953,0.00041791848159553757,-0.0016530289904371788,-1.4818645635340647e-05,0.9983483365094771,0.9999851814641604,0.0,-1.9954222049536756,0.04599685112972237,4.442321089801353
mu_,predict_proba_time,0.9102118271394399,2.4848488360611367,0.009602596082788786,0.8913910846590886,0.9290325696197913,2.4385194800133996,2.5320584021089947,0.0,94.7880988945123,0.0,inf
mu_,train_time,0.0004218373996271147,1.000421926385535,2.351699558930588e-05,0.00037574493524748787,0.00046792986400674154,1.000375815536218,1.0004680393602636,0.0,17.93755490684112,6.003944141383488e-72,236.59291227720396
mu_,Intercept,-3.6516246898525773,0.025948935540315805,0.03262579957839426,-3.715570081993052,-3.5876792977121026,0.02434156047353899,0.027662452306927536,0.0,-111.92445049747647,0.0,inf
sigma_,Intercept,-1.3386414288444437,0.2622016463086506,0.017476753358736066,-1.372895235994256,-1.3043876216946315,0.2533723239220394,0.2713386460792791,0.0,-76.59554388431647,0.0,inf
