param,covariate,coef,exp(coef),se(coef),coef lower 95%,coef upper 95%,exp(coef) lower 95%,exp(coef) upper 95%,cmp to,z,p,-log2(p)
alpha_,accuracy,-0.07200083830016099,0.9305301157473329,0.017275237288328863,-0.10585968120966895,-0.038141995390653036,0.8995508631094993,0.9625762497960533,0.0,-4.167863925597405,3.0746738116276846e-05,14.989207109613691
alpha_,attack.init.eps,0.799823610142038,2.225148400264219,0.02075872008244904,0.7591372664152894,0.8405099538687865,2.136432253328584,2.317548518322665,0.0,38.52952431389391,0.0,inf
alpha_,data.sample.random_state,-0.00165622899213008,0.9983451417982218,0.0018013882801222823,-0.005186885143342304,0.0018744271590821434,0.9948265435177298,1.0018761849958102,0.0,-0.9194181012533574,0.3578769249638236,1.4824645696116177
alpha_,model.trainer.batch_size,-2.432184012061586e-06,0.9999975678189457,2.0328911582702462e-06,-6.416577466761183e-06,1.5522094426380114e-06,0.9999935834431194,1.0000015522106473,0.0,-1.1964162479466394,0.231534163878618,2.1107030097312394
alpha_,model.trainer.nb_epoch,-0.00041966060035227584,0.9995804274448407,0.00037340598963716014,-0.0011515228916526463,0.0003122016909480947,0.998849139856418,1.000312250430968,0.0,-1.1238721713062543,0.2610672586166516,1.9375065594628522
alpha_,predict_proba_time,0.9060097603230463,2.4744292424694825,0.00823060597381724,0.8898780690434243,0.9221414516026682,2.4348327517031,2.5146696715432975,0.0,110.07813558384348,0.0,inf
alpha_,train_time,0.0004111312852644367,1.0004112158113148,4.8369473766466186e-05,0.000316328858731008,0.0005059337117978654,1.0003163788959804,1.000506061717845,0.0,8.499808934234627,1.8990300759162243e-17,55.54751485871329
alpha_,Intercept,-3.7180709295431478,0.024280761997210867,0.02946600113484431,-3.7758232305358588,-3.6603186285504368,0.02291821589870718,0.02572431491922791,0.0,-126.18172763003231,0.0,inf
beta_,Intercept,1.9812664485237708,7.251921357063634,0.021322399568166974,1.939475313306191,2.0230575837413505,6.95510076428854,7.561409266572329,0.0,92.91948789298927,0.0,inf
