param,covariate,coef,exp(coef),se(coef),coef lower 95%,coef upper 95%,exp(coef) lower 95%,exp(coef) upper 95%,cmp to,z,p,-log2(p)
mu_,accuracy,-0.123867940816246,0.8834965070067297,0.03998308088201261,-0.2022333393359427,-0.04550254229654929,0.8169042897969027,0.9555171733608541,0.0,-3.0980089098629486,0.0019482557113718554,9.003601239009388
mu_,attack.init.eps,0.8140679896772779,2.2570710782063075,0.04284290522026581,0.7300974384524939,0.8980385409020619,2.0752828101683236,2.4547834286075862,0.0,19.001232187498864,1.6658727059121796e-80,265.01796942651936
mu_,data.sample.random_state,-0.0029839430297937592,0.9970205045033804,0.004105836491075991,-0.011031234678713014,0.005063348619125496,0.9890293862777945,1.0050761890314255,0.0,-0.7267564201057056,0.46737518409456735,1.0973469605401749
mu_,model.trainer.batch_size,-1.2051598187338908e-06,0.9999987948409075,4.566417620145522e-06,-1.0155173892588219e-05,7.744854255120437e-06,0.9999898448776711,1.0000077448842466,0.0,-0.2639180029038792,0.7918431030164728,0.336713494031587
mu_,model.trainer.nb_epoch,0.0015324951019108114,1.001533669972614,0.0008519958168835326,-0.00013738601415969553,0.0032023762179813186,0.9998626234228666,1.0032075093025954,0.0,1.7987120025030623,0.07206424931645435,3.7945724660279407
mu_,predict_proba_time,0.9211058223759907,2.512066754197288,0.020423154623005833,0.8810771748642066,0.9611344698877748,2.4134980661737537,2.6146610457192683,0.0,45.101055119976586,0.0,inf
mu_,train_time,0.0008174878236548604,1.000817822057897,6.265068995807339e-05,0.0006946947277304514,0.0009402809195792695,1.000694936083999,1.0009407231222702,0.0,13.048345105248377,6.494277575488978e-39,126.85602665164325
mu_,Intercept,-3.7646596403465966,0.023175498897850345,0.06707569412831325,-3.896125585076115,-3.633193695617078,0.02032048913258443,0.02643163487157417,0.0,-56.12554128988879,0.0,inf
sigma_,Intercept,-1.3290469164705294,0.2647294503810281,0.03496419624400909,-1.397575481857178,-1.2605183510838809,0.24719556812476837,0.2835070322282983,0.0,-38.01165361260818,0.0,inf
