param,covariate,coef,exp(coef),se(coef),coef lower 95%,coef upper 95%,exp(coef) lower 95%,exp(coef) upper 95%,cmp to,z,p,-log2(p)
lambda_,accuracy,-0.11920582001578879,0.887625090949693,0.02104552350977435,-0.1604542881307375,-0.07795735190084008,0.8517567580756283,0.9250038753593244,0.0,-5.664188869448889,1.4772162960890684e-08,26.012543676091255
lambda_,attack.init.eps,0.7390674130305325,2.0939817834983367,0.025429507625193783,0.689226493940566,0.7889083321204989,1.9921739784751686,2.200992361610414,0.0,29.063378808731475,1.042683463320108e-185,614.4963963015856
lambda_,data.sample.random_state,-0.0018276416683270405,0.9981740274517009,0.002195720289278493,-0.006131174355436756,0.0024758910187826747,0.9938875829397242,1.002478958568068,0.0,-0.8323654325422287,0.4052027074423812,1.3032842810626069
lambda_,model.trainer.batch_size,-7.859114412449804e-06,0.9999921409164703,2.557243678041619e-06,-1.287121992110412e-05,-2.847008903795489e-06,0.9999871288629126,0.9999971529951489,0.0,-3.0732755270582772,0.0021172290629378372,8.883606921746832
lambda_,model.trainer.nb_epoch,-0.001557525579053324,0.9984436867344266,0.0004658095857399376,-0.0024704955907571243,-0.0006445555673495241,0.997532553571977,0.999355652113967,0.0,-3.343695850696584,0.0008267031785564059,10.24034294578841
lambda_,predict_proba_time,0.857175033337637,2.3564942641822677,0.012180827967318605,0.8333010492198143,0.8810490174554597,2.3009016071250583,2.413430109278944,0.0,70.37083485929314,0.0,inf
lambda_,train_time,0.0008668233504807052,1.0008671991504174,5.3716625494280135e-05,0.00076154069914089,0.0009721060018205203,1.0007618307448818,1.0009725786500023,0.0,16.136965837010862,1.4026932531062612e-58,192.18362995467126
lambda_,Intercept,-3.4317234085746677,0.03233117291068092,0.03856249710859442,-3.5073045140614427,-3.3561423030878927,0.029977609857223978,0.03486951584061833,0.0,-88.9912133778764,0.0,inf
rho_,Intercept,1.2404913490393175,3.4573117943209697,0.01647527244426707,1.2082004084130689,1.272782289665566,3.347455176705614,3.5707736809531796,0.0,75.2941326606695,0.0,inf
