{"F1":0.9539797585,"Balanced Accuracy":0.8946553977,"Accuracy":0.9559585492,"Precision":0.9581437333,"Recall":0.9559585492,"fit_time":30843750000,"pred_time":328125000,"Name":"rinex-obs_RandomForestClassifier","uuid":"78dbd5d893fe466bae8de2c315f5a99d"}