{"F1":0.9558278783,"Balanced Accuracy":0.9006631106,"Accuracy":0.9575777202,"Precision":0.9594910327,"Recall":0.9575777202,"fit_time":27625000000,"pred_time":0,"Name":"rinex-obs_RandomForestClassifier","uuid":"7061fb26630d481eb1b028afdcf4dc8f"}