{"F1":0.9533376451,"Balanced Accuracy":0.894246567,"Accuracy":0.9553108808,"Precision":0.9572978836,"Recall":0.9553108808,"fit_time":27890625000,"pred_time":31250000,"Name":"rinex-obs_RandomForestClassifier","uuid":"dc091726c8e14022bd31579fe788d46f"}