{"F1":0.9533721429,"Balanced Accuracy":0.8948209678,"Accuracy":0.9553108808,"Precision":0.9571718903,"Recall":0.9553108808,"fit_time":27546875000,"pred_time":31250000,"Name":"rinex-obs_RandomForestClassifier","uuid":"34db1767e28742d8bf15037a2e427f52"}