{"F1":0.9561807622,"Balanced Accuracy":0.9014299818,"Accuracy":0.9579015544,"Precision":0.9597849723,"Recall":0.9579015544,"fit_time":28625000000,"pred_time":15625000,"Name":"rinex-obs_RandomForestClassifier","uuid":"2842147b61d7432f9d3da399fd78c5bd"}