{"F1":0.9565022618,"Balanced Accuracy":0.9016352363,"Accuracy":0.9582253886,"Precision":0.9602009918,"Recall":0.9582253886,"fit_time":27312500000,"pred_time":31250000,"Name":"rinex-obs_RandomForestClassifier","uuid":"e970c2af14b84e9aba7b9b7f208433dd"}