{"F1":0.9558278783,"Balanced Accuracy":0.9006631106,"Accuracy":0.9575777202,"Precision":0.9594910327,"Recall":0.9575777202,"fit_time":28312500000,"pred_time":0,"Name":"rinex-obs_RandomForestClassifier","uuid":"0a3f296e00804e90843713dc7e34f116"}