{"F1":0.9536929215,"Balanced Accuracy":0.8950253832,"Accuracy":0.955634715,"Precision":0.9575915532,"Recall":0.955634715,"fit_time":31546875000,"pred_time":312500000,"Name":"rinex-obs_RandomForestClassifier","uuid":"dd4b26d2be5846acb19ee4535ee96134"}