{"F1":0.9561493426,"Balanced Accuracy":0.9008683651,"Accuracy":0.9579015544,"Precision":0.9599079219,"Recall":0.9579015544,"fit_time":27203125000,"pred_time":0,"Name":"rinex-obs_RandomForestClassifier","uuid":"f49f48338d9f466781fe2585481fdffe"}