{"F1":0.9557961458,"Balanced Accuracy":0.900101494,"Accuracy":0.9575777202,"Precision":0.959615077,"Recall":0.9575777202,"fit_time":28890625000,"pred_time":0,"Name":"rinex-obs_RandomForestClassifier","uuid":"b13fd8d9f55d4a8a9fe795cc1511ce69"}