{"F1":0.9561493426,"Balanced Accuracy":0.9008683651,"Accuracy":0.9579015544,"Precision":0.9599079219,"Recall":0.9579015544,"fit_time":28671875000,"pred_time":31250000,"Name":"rinex-obs_RandomForestClassifier","uuid":"d92a012083424a55945063305abaf431"}