{"F1":0.9465473313,"Balanced Accuracy":0.8792777174,"Accuracy":0.9491580311,"Precision":0.9516038331,"Recall":0.9491580311,"fit_time":26640625000,"pred_time":15625000,"Name":"rinex-obs_RandomForestClassifier","uuid":"065fca1ad1ba4ad69d630dcbc10cdae2"}