covariate,coef,exp(coef),se(coef),coef lower 95%,coef upper 95%,exp(coef) lower 95%,exp(coef) upper 95%,cmp to,z,p,-log2(p)
accuracy,0.4497627692227321,1.5679401776989996,0.13967136917774886,0.17601191596294657,0.7235136224825176,1.19245226778305,2.061664409774135,0.0,3.220150069914143,0.0012812350649686174,9.608249097075257
train_time,-0.004562614279576335,0.9954477786326645,0.00029401512284822856,-0.005138873331268982,-0.003986355227883687,0.9948743080894055,0.9960215797387508,0.0,-15.518297954801357,2.6087934923484967e-54,178.00073437652577
predict_proba_time,-1.326896935762547,0.26529922587586463,0.03776195626891532,-1.4009090100353976,-1.2528848614896966,0.24637290667726408,0.28567946126694876,0.0,-35.13845856695764,1.7444582272216493e-270,896.1178065684022
model.trainer.nb_epoch,0.0032248234034033155,1.0032300287403217,0.001669080646377413,-4.651455078924808e-05,0.0064961613575958786,0.9999534865309958,1.0065173071778764,0.0,1.9320956182689553,0.05334770506818385,4.228429979792762
model.trainer.batch_size,3.974100217405313e-05,1.000039741791858,9.471358343293872e-06,2.1177480936524188e-05,5.830452341158208e-05,1.0000211777051808,1.0000583062231534,0.0,4.195913694068123,2.71773729848717e-05,15.167234465162462
data.sample.random_state,-0.060983193422075074,0.9408390519279763,0.05409860784308968,-0.16701451640828696,0.0450481295641368,0.8461873276472955,1.0460782059852471,0.0,-1.1272599398297602,0.25963259450359016,1.9454565829799966
attack.init.eps,-1.981338769422452,0.13788451811359567,0.10760696216100006,-2.1922445397437764,-1.7704329991011276,0.11166582873223399,0.17025925075976583,0.0,-18.412737704257463,1.0383831986245562e-75,249.09026817118524
