param,covariate,coef,exp(coef),se(coef),coef lower 95%,coef upper 95%,exp(coef) lower 95%,exp(coef) upper 95%,cmp to,z,p,-log2(p)
mu_,accuracy,-0.14721576949508441,0.8631077250052198,0.04226208715230959,-0.23004793822510416,-0.06438360076506468,0.794495514885578,0.9376452490999567,0.0,-3.4834003575007815,0.00049508737979834,10.980029205313818
mu_,attack.init.eps,0.4941038822195743,1.639028817901812,0.026593439381271615,0.4419816988072328,0.5462260656319158,1.5557872674108775,1.7267241622200131,0.0,18.579916464943835,4.672319236123914e-77,253.5643244566298
mu_,data.sample.random_state,0.0193150747860873,1.0195028176508056,0.01621357699688774,-0.012462952188379756,0.05109310176055436,0.9876143887679482,1.0524208709581166,0.0,1.1912901631635577,0.23353969423443047,2.0982603123693724
mu_,model.trainer.batch_size,-1.3973681053387329e-05,0.9999860264165781,2.7932068432330316e-06,-1.9448265867494887e-05,-8.49909623927977e-06,0.9999805519232489,0.999991500939878,0.0,-5.002737655193957,5.652183626821037e-07,20.754688327838913
mu_,model.trainer.nb_epoch,-0.00030253809672386094,0.9996975076633113,0.000502222701166394,-0.0012868765032284153,0.0006818003097806935,0.9987139511672642,1.0006820327884436,0.0,-0.6023982906810608,0.5469090475440823,0.8706271660145891
mu_,predict_proba_time,0.4983858087150484,1.6460620660035776,0.007117615559329317,0.484435538562961,0.5123360788671357,1.6232584833807093,1.6691859940216875,0.0,70.02145656234495,0.0,inf
mu_,train_time,0.0005100240203699187,1.000510154104735,3.1213540545868436e-05,0.0004488466050700359,0.0005712014356698016,1.0004489473517801,1.0005713646022751,0.0,16.339832375645955,5.139400030155447e-60,196.95408574316903
mu_,Intercept,-2.9534507487047796,0.052159406039673166,0.03407426435495136,-3.020235079640181,-2.886666417769378,0.04878974753749148,0.05576178963256371,0.0,-86.67687489709844,0.0,inf
sigma_,Intercept,-1.1956311663228818,0.30251295792200417,0.017492783253442872,-1.2299163914889952,-1.1613459411567684,0.29231701684970407,0.31306453075146357,0.0,-68.34996746944553,0.0,inf
