param,covariate,coef,exp(coef),se(coef),coef lower 95%,coef upper 95%,exp(coef) lower 95%,exp(coef) upper 95%,cmp to,z,p,-log2(p)
alpha_,accuracy,-0.19954598312674152,0.8191025550503327,0.04153528857925129,-0.28095365282955187,-0.11813831342393116,0.7550633297181014,0.8885731425210001,0.0,-4.8042517568163365,1.553312845265299e-06,19.29622014406862
alpha_,attack.init.eps,0.5198162352878907,1.6817185807709305,0.02718010458725545,0.46654420920083806,0.5730882613749433,1.5944744909671005,1.7737363632545866,0.0,19.124879877453772,1.567340653711922e-81,268.42785690937865
alpha_,data.sample.random_state,0.025536765762308965,1.0258656223087417,0.015761569707063633,-0.005355343203353284,0.056428874727971215,0.9946589710830214,1.058051357933272,0.0,1.6201917852677152,0.10519108550227009,3.2489156473541523
alpha_,model.trainer.batch_size,-1.1038941116427078e-05,0.9999889611198125,2.7614858031685354e-06,-1.645135383445607e-05,-5.6265283983980845e-06,0.9999835487814883,0.9999943734874306,0.0,-3.997464373621248,6.402462329339451e-05,13.931013615084984
alpha_,model.trainer.nb_epoch,-0.00037279446922477516,0.9996272750099993,0.0004903729827441644,-0.0013339078543948186,0.0005883189159452684,0.9986669814052465,1.0005884920094619,0.0,-0.7602263630809941,0.44711928915736,1.161268308408762
alpha_,predict_proba_time,0.4964355723210964,1.6428549841561126,0.006721367111287884,0.48326193485610014,0.5096092097860927,1.6213545386642414,1.664640542586163,0.0,73.8593152407017,0.0,inf
alpha_,train_time,0.0005767842494096603,1.0005769506214302,5.493319907845364e-05,0.0004691171576603223,0.0006844513411589984,1.0004692272103226,1.0006846856314284,0.0,10.499738939032435,8.661934446459118e-26,83.25544121294419
alpha_,Intercept,-2.965793394820575,0.051519577659599795,0.03294182706715513,-3.0303581894571456,-2.9012286001840044,0.04829833507294635,0.05495566002875087,0.0,-90.03123563166415,0.0,inf
beta_,Intercept,1.782426252581073,5.94426121580396,0.02045727399003388,1.7423307323387387,1.8225217728234073,5.7106378921387595,6.187442115766461,0.0,87.1292164072991,0.0,inf
