param,covariate,coef,exp(coef),se(coef),coef lower 95%,coef upper 95%,exp(coef) lower 95%,exp(coef) upper 95%,cmp to,z,p,-log2(p)
lambda_,accuracy,-0.12657075642818624,0.8811118030138186,0.04442521960372043,-0.21364258685676107,-0.039498925999611426,0.807636993519824,0.9612709863954566,0.0,-2.849074412174351,0.004384662401890145,7.833318518358949
lambda_,attack.init.eps,0.6146631643258346,1.8490336741482802,0.030769381938520537,0.5543562838997771,0.674970044751892,1.7408200301435175,1.9639741437559308,0.0,19.976454696229396,8.827449297573988e-89,292.5096038154077
lambda_,data.sample.random_state,0.01962647614935309,1.0198203416542133,0.01755606215013897,-0.014782773375266116,0.054035725673972294,0.9853259553888096,1.0555223107274376,0.0,1.1179315715282843,0.263596219809558,1.9235984138475781
lambda_,model.trainer.batch_size,-1.7366852443759443e-05,0.9999826332983591,3.046970868238651e-06,-2.3338805607449937e-05,-1.139489928006895e-05,0.9999766614667404,0.9999886051656416,0.0,-5.699710694575371,1.2001091700731986e-08,26.312259109965602
lambda_,model.trainer.nb_epoch,-0.0003363832353794905,0.9996636733351177,0.0005424189882177651,-0.0013995049168169663,0.0007267384460579851,0.9986014739335006,1.000727002584425,0.0,-0.6201538712439812,0.5351564878793316,0.9019672757552583
lambda_,predict_proba_time,0.4675770963243678,1.5961222539677162,0.008605136274923056,0.45071133914345946,0.4844428535052761,1.5694281842166034,1.6232703574663072,0.0,54.33697751969055,0.0,inf
lambda_,train_time,0.0012200501458492906,1.0012207947097995,7.405361376380027e-05,0.0010749077299472025,0.0013651925617513788,1.001075485650313,1.0013661248613246,0.0,16.475227660607285,5.528007092116928e-61,200.1708543215065
lambda_,Intercept,-2.8458911491231182,0.0580824835157075,0.0377912148191446,-2.919960569100658,-2.7718217291455787,0.05393581399607958,0.06254795545678885,0.0,-75.30562758415012,0.0,inf
rho_,Intercept,1.1181643151684497,3.059233257641866,0.016910871642593608,1.0850196158017866,1.1513090145351128,2.9594978710937454,3.1623297371061394,0.0,66.1210337823224,0.0,inf
