{"F1":0.9543689372,"Balanced Accuracy":0.8960086147,"Accuracy":0.9562823834,"Precision":0.9583057779,"Recall":0.9562823834,"fit_time":27218750000,"pred_time":31250000,"Name":"rinex-obs_RandomForestClassifier","uuid":"5a656fa1785a4eb6846e11899613d2ee"}