{"F1":0.9539797585,"Balanced Accuracy":0.8946553977,"Accuracy":0.9559585492,"Precision":0.9581437333,"Recall":0.9559585492,"fit_time":33234375000,"pred_time":328125000,"Name":"rinex-obs_RandomForestClassifier","uuid":"19cc0f4de0894740a40f29c3ac8eb6e1"}