{"F1":0.9565022618,"Balanced Accuracy":0.9016352363,"Accuracy":0.9582253886,"Precision":0.9602009918,"Recall":0.9582253886,"fit_time":27937500000,"pred_time":15625000,"Name":"rinex-obs_RandomForestClassifier","uuid":"1c70a84389f74f17a375cf525068a993"}