{"F1":0.9561807622,"Balanced Accuracy":0.9014299818,"Accuracy":0.9579015544,"Precision":0.9597849723,"Recall":0.9579015544,"fit_time":26656250000,"pred_time":15625000,"Name":"rinex-obs_RandomForestClassifier","uuid":"e6d854c8a3264c64b5c7e9a133e193e3"}