{"F1":0.9558278783,"Balanced Accuracy":0.9006631106,"Accuracy":0.9575777202,"Precision":0.9594910327,"Recall":0.9575777202,"fit_time":26718750000,"pred_time":0,"Name":"rinex-obs_RandomForestClassifier","uuid":"c8a20d4fbd5b4a94b2a1f478cd51802d"}