{"F1":0.9561177815,"Balanced Accuracy":0.9003067485,"Accuracy":0.9579015544,"Precision":0.9600343673,"Recall":0.9579015544,"fit_time":27046875000,"pred_time":0,"Name":"rinex-obs_RandomForestClassifier","uuid":"2814f2b52d0a4b598df126021befe819"}